miRNA,SRR12344555_trim_joined isomir+miRNA Entropy,SRR12344555_trim_joined Canonical Sequence,SRR12344555_trim_joined Canonical RPM,SRR12344555_trim_joined Top Isomir RPM
Hsa-Mir-486_5p,0.12064505416228566,79.40716140587365,307597.9744698671,48537.266584489844
Hsa-Mir-28-P2_5p,0.06615994257386938,95.16860043509789,1701.5010613516004,43.43292546358976
Hsa-Mir-92-P3_3p,0.48786222992162903,39.59753326841934,395.43409750432465,109.8788188966935
Hsa-Mir-101-P2-v1_3p,0.15557695702649907,69.67289357414153,2913.4093323095267,1229.573154821849
Hsa-Mir-26-P2_5p,0.07097727332098394,93.32257133388211,14146.978964526645,719.3983437793842
Hsa-Mir-92-P1a_3p,0.11205865865822037,85.0433194998383,40914.95022878456,3985.7812270579348
Hsa-Mir-140-v2_3p,0.36709933740668826,42.44419463626144,428.33291791144677,270.4834052191467
Hsa-Mir-21_5p,0.0321161880344186,97.74921287502275,6088.064470019452,37.760715048568706
Hsa-Mir-15-P2b_3p*,0.02487588200900473,98.5544848035582,2154.629641934425,2.1068210112935333
Hsa-Let-7-P1_5p,0.27718745416734447,9.797101449275361,27.38867314681593,204.84782755961737
Hsa-Mir-92-P1b_3p,0.21267021151840257,60.14614161672985,15941.018087220446,6430.828042241437
Hsa-Mir-26-P1_5p,0.22202559575396813,79.85313751668893,969.2997283497401,73.25254593112899
Hsa-Mir-584_5p,0.19997127615318805,82.78307654683296,548.5837787098931,36.950399274994275
Hsa-Mir-126-v2_5p*,0.3383775739713614,53.1062124248497,429.467359994451,197.39292244273256
Hsa-Mir-423_5p,0.043850016692265924,96.89870357499018,20786.05816057671,97.56201913836207
Hsa-Mir-486_3p*,0.09166755683005381,92.51134644478064,792.812952865228,39.86753605986224
Hsa-Mir-192-P1_5p,0.05932634758832248,95.29233670835815,6223.063077896953,106.96168211182552
Hsa-Mir-142-P1-v2_5p*,0.049504043273699776,96.9669023465519,3067.2072661339544,17.6648838639227
Hsa-Mir-30-P1b_5p,0.0616227917377243,95.4111440942351,8178.030913222636,118.14403978715275
Hsa-Mir-28-P2_3p,0.2306431090442547,72.24027965166196,3818.0458619280266,434.3292546358976
Hsa-Mir-92-P2_3p,0.04650392601585176,96.6859260874305,17248.05742999601,103.23422955338313
Hsa-Mir-15-P2a_5p,0.13161900959569914,90.33157731639294,2362.0704799694804,51.536083199334115
Hsa-Mir-15-P1a_5p,0.01949958800846308,98.90804894418916,6209.449772900902,5.672210415021051
Hsa-Mir-423_3p,0.14128890072150765,84.36169536760501,2151.550441994842,182.32104905424805
Hsa-Mir-221-P1_3p,0.20412961908325958,76.76745703719817,571.9208729888368,121.38530288145049
Hsa-Mir-223_3p,0.11320108445365235,90.0433186733243,4412.979702886378,122.03355550031003
Hsa-Mir-199-P2-v2_3p,0.44284026432182766,0.8645533141210374,0.48618946414466147,36.14008350141984
Hsa-Let-7-P12_5p,0.10603156794679736,86.6704876772409,5636.556520983776,641.6080295162383
Hsa-Mir-15-P2b_5p,0.01165789456660681,99.39337711995445,78651.67993045546,111.98563990798704
Hsa-Mir-143_3p,0.14219484979104757,82.13989494055848,6740.854857211017,968.3273494214508
Hsa-Mir-24-P2_3p,0.17174586014231955,87.97935103244838,193.3413435748604,13.289178686620748
Hsa-Mir-26-P3_5p,0.12854313108229545,87.06720415263129,2555.249760389626,156.71507060929588
Hsa-Mir-30-P1c_5p,0.06475312042357985,94.67483506126295,7162.867312088583,96.26551390064297
Hsa-Mir-451_5p,0.019073561817113744,98.78680407669663,78636.7701202217,133.05385002092237
Hsa-Mir-146-P1_5p,0.16506255569643147,80.24928501301918,3046.7873086398786,454.5871489752585
Hsa-Let-7-P8_5p,0.1392080394870875,88.6687855717348,1944.1096039597865,56.722104150210505
Hsa-Mir-181-P1b_5p,0.1340217417066281,81.73250026474638,3752.4102842684974,648.9008714784082
Hsa-Mir-3130_5p,0.3412759643732145,7.7519379844961245,3.2412630942977434,29.009304693964804
Hsa-Mir-126-v3_3p,0.5078795012560172,23.847376788553266,24.309473207233076,22.040589041224653
Hsa-Mir-22-P1a_5p*,0.22020465233929432,85.31073446327683,24.471536361947962,0.6482526188595487
Hsa-Mir-27-P2_3p,0.07406369589056121,93.49234669922059,4840.50230502425,198.68942768045167
Hsa-Mir-191-v1_5p,0.020149025677790637,98.82301912007783,13661.761879310274,58.180672542644494
Hsa-Mir-3138_3p,0.41776236618309864,9.302325581395348,0.6482526188595487,0.48618946414466147
Hsa-Mir-375_3p,0.18471175429766035,72.13731483658594,497.2097586652738,176.64883863922702
Hsa-Let-7-P10_5p,0.04866732187519647,95.57668809435265,14577.90489291353,526.8673159780982
Hsa-Mir-17-P5_5p,0.05165411791724799,96.21683967704729,3379.8270915789717,55.74972522192118
Hsa-Mir-28-P1_3p,0.28649244573616495,59.903280067283426,923.4358555654271,351.83910888602
Hsa-Mir-199-P2-v3_3p,0.2606595230886682,85.04672897196262,29.495494158109462,1.782694701863759
Hsa-Mir-148-P2_3p,0.3132128437945414,33.298502264019504,309.86475181486423,462.8523698657177
Hsa-Mir-103-P3_3p,0.03913702785941081,96.87549647831383,5929.242578398862,151.85317596784927
Hsa-Mir-128-P1_3p,0.42315351803868284,57.79467680608364,73.90079854998855,15.071873388484507
Hsa-Mir-140-v1_3p,0.2718059912479133,58.55341422793242,398.8374237533373,206.46845910676626
Hsa-Mir-101-P2-v2_3p,0.17160961159846416,82.69529594575505,1897.4354154018988,170.32837560534642
Hsa-Let-7-P5_5p,0.029545401518521194,98.30762767808916,5309.513074769134,11.020294520612326
Hsa-Mir-146-P2_5p,0.11428140890849343,92.04322200392927,759.2658798392464,18.637262792212024
Hsa-Mir-101-P1-v2_3p,0.2873772321224258,52.272933490608835,933.6458343124649,576.6207044755686
Hsa-Mir-103-P2_3p,0.049095667608466745,96.75662444158864,2562.380539197081,20.257894339360895
Hsa-Mir-944_3p,0.5089357185406654,3.8461538461538463,0.16206315471488716,0.6482526188595487
Hsa-Mir-10-P2c_5p,0.1571238836127476,86.59180977542933,212.46479583121706,14.423620769624957
Hsa-Mir-17-P4_3p,0.07689789853911304,94.71257743840947,1065.4031790956683,14.909810233769619
Hsa-Mir-142-P1-v1_5p,0.02063488235719416,98.5327275405341,14093.660186625448,145.85683924339844
Hsa-Mir-144-v1_3p*,0.02506925791548832,98.53115792251198,3631.024981387047,12.6409260677612
Hsa-Mir-126-v3_5p*,0.4355347406874084,64.14285714285714,72.76635646698433,7.779031426314583
Hsa-Mir-22-P1a_3p,0.017391117192613072,98.99530809237574,44759.89857439526,100.15502961380027
Hsa-Mir-148-P1_3p,0.05265123504381382,96.18770497866988,6321.597475963604,96.75170336478763
Hsa-Mir-127_3p,0.467903346702083,40.81466395112016,162.38728102431693,62.23225141051667
Hsa-Mir-101-P1-v1_3p,0.1950211297537512,78.77580586743933,352.4873615048796,50.725767425759685
Hsa-Mir-96-P2_5p,0.016960108952291227,98.9237668161435,4468.891491263013,5.186020950876389
Hsa-Mir-130-P1b_3p,0.21237413849432168,77.58175559380379,292.19986795094155,54.2911568294872
Hsa-Mir-221-P2_3p,0.07435012090958047,94.80701754385964,875.7892880792502,8.58934719988902
Hsa-Mir-130-P1a_3p,0.07063389199145827,94.49496589801885,943.0454972859284,21.23027326765022
Hsa-Mir-374-P1_5p,0.2387558792637267,84.57300275482093,49.75338849747036,4.051578867872179
Hsa-Mir-103-P1_3p,0.36113270312529344,61.06970626918019,225.75397451783783,45.70180962959818
Hsa-Mir-30-P1a_5p,0.07470105341980404,94.8871085214858,1055.679389812775,19.28551541107157
Hsa-Mir-17-P1a_5p,0.06065015672992173,96.85929648241208,249.90138457035602,2.2688841660084202
Hsa-Mir-29-P1b_3p,0.2292055333519277,81.4968814968815,190.5862699447073,14.099494460195183
Hsa-Mir-378_3p,0.36576063340525117,50.30501089324619,374.20382423667445,113.93039776456568
Hsa-Mir-192-P2_5p,0.13552167622798686,90.34531360112754,207.76496434448535,5.186020950876389
Hsa-Mir-185_5p,0.24408628905742716,81.8435754189944,47.48450433146194,2.4309473207233077
Hsa-Let-7-P4_3p*,0.07466966838864049,95.32770927968852,476.14154855233846,7.2928419621699225
Hsa-Mir-142-P1-v3_5p*,0.054313840686054146,96.19968288067106,3048.083813877598,46.02593593902795
Hsa-Mir-188-P2_5p,0.21577220229378674,74.60219053523456,585.0479885207427,133.540039485067
Hsa-Let-7-P11_5p,0.0741835467082234,92.60556266415247,2228.5304404844132,136.13304996050522
Hsa-Mir-10-P1b-v1_5p,0.019393228295021072,98.88226861392347,7154.2779648886935,20.09583118464601
Hsa-Let-7-P2_5p,0.2765324459294789,74.28236672524898,205.49608017847692,30.79199939582856
Hsa-Mir-23-P2_3p,0.274011417100026,70.3931203931204,92.86218765163035,28.03692576567548
Hsa-Mir-17-P2a_5p,0.2691130676137657,87.71929824561404,32.41263094297743,3.4033262490126304
Hsa-Mir-95-P2_3p,0.2984419643484478,65.4899135446686,147.31540763583243,42.946735999445096
Hsa-Mir-10-P1b-v2_5p,0.23441345075525039,74.41584158415841,913.550003127819,154.44618644328747
Hsa-Mir-328_3p,0.5418769486433964,37.68472906403941,24.795662671377737,13.613304996050521
Hsa-Mir-142-P1-v2_3p,0.09393217950081156,94.00851581508516,500.93721122371625,14.585683924339845
Hsa-Mir-24-P1_3p,0.3616734513393949,68.16666666666666,66.28383027838885,7.779031426314583
Hsa-Mir-10-P1a-v2_5p,0.15506862482480127,86.26564673157164,804.15737369527,41.488167607011114
Hsa-Mir-181-P2b_5p,0.45576096205071986,47.38878143133462,39.70547290514735,25.11978898080751
Hsa-Let-7-P3_5p,0.3012560507966902,77.25190839694658,82.00395628573291,4.2136420225870665
Hsa-Let-7-P4_5p,0.05966782333389685,95.83110636023517,581.1584728075853,6.806652498025261
Hsa-Mir-126-v2_3p,0.23362868671599496,67.31428571428572,286.3655943812056,113.93039776456568
Hsa-Mir-186_5p,0.057992055641508666,95.94586711777401,5331.229537500928,51.860209508763894
Hsa-Mir-191-v2_5p,0.1556730618165358,88.510101010101,1136.062714551359,24.309473207233076
Hsa-Mir-181-P1a_5p,0.03983493840874542,96.88538205980066,6805.680119096972,137.10542888879453
Hsa-Mir-2467_5p*,0.5461281277872247,43.24324324324324,2.5930104754381946,0.48618946414466147
Hsa-Mir-27-P1_3p,0.1338140314807676,87.71355019892349,1214.8254077427941,78.60063003672028
Hsa-Mir-873-v2_5p,0.35618158792561916,82.75862068965517,3.8895157131572917,0.48618946414466147
Hsa-Mir-155_5p,0.5462944971019563,53.58090185676393,32.73675725240721,5.186020950876389
Hsa-Let-7-P6_5p,0.012841225666610936,99.33698138336374,5560.386838267778,9.561726128178343
Hsa-Mir-150_5p,0.24425755515523923,78.00620636152055,325.9090041316381,44.89149385602374
Hsa-Let-7-P7_5p,0.12543040534103686,90.12889028607357,464.6350645675815,17.17869439977804
Hsa-Mir-126-v1_5p,0.009569227333304906,99.58960777447032,14747.909142209446,24.795662671377737
Hsa-Mir-19-P2b_3p,0.5757595057165124,17.88856304985337,9.885852437608117,13.77536815076541
Hsa-Mir-199-P2-v1_5p*,0.1439768780207412,1.764705882352941,0.48618946414466147,26.578357373241495
Hsa-Mir-148-P3_3p,0.5402200022424515,34.172661870503596,15.39599969791428,12.316799758331424
Hsa-Mir-21_3p*,0.04006545742126211,97.28212703101921,533.6739684761234,4.3757051773019535
Hsa-Mir-126-v1_3p,0.04291867638055214,97.48663874043045,1093.7642311707734,9.885852437608117
Hsa-Mir-625_3p,0.38181700553016634,67.76859504132231,13.289178686620748,1.4585683924339845
Hsa-Mir-199-P1-v3_3p,0.2506038177135018,79.77378576180972,194.3137225031497,40.19166236929202
Hsa-Let-7-P10_3p*,0.8142792083931816,24.324324324324323,2.917136784867969,8.913473509318795
Hsa-Mir-1180_3p,0.4419063477963525,60.13513513513513,14.423620769624957,2.7550736301530816
Hsa-Mir-92-P4_3p,0.04936854803317311,97.01392943531569,1884.9565524888526,13.451241841335635
Hsa-Mir-29-P2b-v1_3p,0.9183278468600758,26.315789473684212,1.6206315471488717,1.2965052377190973
Hsa-Mir-326_3p,0.6046808213419076,4.710144927536232,2.1068210112935333,16.04425231677383
Hsa-Mir-335_5p,0.043823777532697596,97.02780441035475,164.00791257146582,0.8103157735744358
Hsa-Mir-188-P2_3p*,0.10476737890957945,90.51724137931035,17.016631245063152,0.32412630942977433
Hsa-Mir-30-P1b_3p*,0.1920050519010478,85.18850987432675,153.79793382442793,17.82694701863759
Hsa-Mir-942-v1_5p,0.3227429292995689,75.73696145124715,54.129093674772314,13.613304996050521
Hsa-Mir-493_3p*,0.6094619106177287,62.5,4.051578867872179,0.8103157735744358
Hsa-Mir-122_5p,0.2694100584153327,80.6547619047619,43.91911492773442,7.779031426314583
Hsa-Mir-425_5p,0.04373021866571416,97.17953353823901,1742.1789131850371,21.392336422365105
Hsa-Mir-887_3p,0.8652078046115278,18.18181818181818,0.32412630942977433,0.9723789282893229
Hsa-Mir-33-P2_5p,0.3257722900658633,78.68852459016392,23.337094278943752,2.5930104754381946
Hsa-Mir-362-P3_3p,0.09905128844222386,93.72197309417041,67.74239867082284,0.8103157735744358
Hsa-Mir-10-P3a_5p,0.19832821584457572,83.55403673643741,316.9955306223193,30.629936241113676
Hsa-Mir-19-P1_3p,0.09226559535533442,93.85775862068965,282.31401551333346,6.968715652740148
Hsa-Mir-29-P1a_3p,0.18842427738146755,86.05028386050283,343.89801430499057,10.372041901752779
Hsa-Mir-671_3p,0.5194951825398052,48.28897338403042,20.58202064879067,5.672210415021051
Hsa-Mir-181-P1c_5p,0.06170465269993012,96.27560521415269,251.35995296279,1.9447578565786459
Hsa-Mir-181-P2c_5p,0.3903672121884494,75.13227513227513,23.012967969513976,2.917136784867969
Hsa-Mir-3200_3p,0.32825744954907526,77.08333333333334,5.996336724450825,0.48618946414466147
Hsa-Mir-10-P2c_3p*,0.6089322528425188,28.125,1.4585683924339845,0.8103157735744358
Hsa-Mir-181-P1b_3p*,0.2748340683802583,69.86531986531986,67.25620920667818,21.392336422365105
Hsa-Mir-17-P4_5p,0.05743228943875325,96.56273017431869,637.3943874936513,8.103157735744357
Hsa-Mir-339_5p,0.26570529527224923,73.58024691358024,48.29482010503637,9.885852437608117
Hsa-Mir-2276_3p,0.5819166397798127,2.380952380952381,0.16206315471488716,1.782694701863759
Hsa-Mir-345_5p,0.12091624988794769,90.92389092389092,362.0490876330579,18.475199637497138
Hsa-Mir-1307_3p,0.27600996089079,75.00000000000001,62.71844087466133,9.237599818748569
Hsa-Mir-338-P1_5p*,0.4406136962140967,66.66666666666666,11.020294520612326,1.2965052377190973
Hsa-Mir-374-P1_3p,0.09006936504039012,95.37037037037035,33.38500987126675,0.32412630942977433
Hsa-Mir-128-P2_3p,0.05090191400007651,96.98132088058705,942.3972446670689,6.3204630338806
Hsa-Mir-96-P3-v2_3p*,0.20747894891172058,63.63636363636363,1.1344420830042101,0.16206315471488716
Hsa-Mir-769_5p,0.17577717089184197,87.21227621483376,110.52707151555305,9.075536664033681
Hsa-Mir-582_3p,0.22470725378558298,79.36507936507937,32.41263094297743,2.917136784867969
Hsa-Mir-342_3p,0.23579487790490847,82.03703703703704,71.79397753869502,4.861894641446615
Hsa-Mir-197_3p,0.1729067389831711,86.22009569377991,146.01890239811334,14.585683924339845
Hsa-Mir-181-P2a_5p,0.2706094941136834,79.3299620733249,203.38925916718338,21.878525886509767
Hsa-Mir-181-P1a_3p*,0.1961198499296915,85.13931888544892,44.56736754659397,1.782694701863759
Hsa-Mir-766_3p,0.6938809313817756,38.46153846153846,4.861894641446615,4.5377683320168405
Hsa-Mir-744_5p,0.09449218078657073,92.7969556944822,553.2836101966247,18.637262792212024
Hsa-Mir-1277_5p,0.12291467348902291,92.85714285714285,10.534105056467666,0.32412630942977433
Hsa-Mir-95-P3-v1_5p,0.21081387485801145,72.72727272727272,1.2965052377190973,0.16206315471488716
Hsa-Mir-223_5p*,0.20577720331523083,84.36830835117775,63.85288295766554,4.861894641446615
Hsa-Mir-362-P2_3p,0.16981226513994713,90.5084745762712,86.54172461774975,5.672210415021051
Hsa-Mir-1296_5p,0.7421052079126589,75.0,1.4585683924339845,0.32412630942977433
Hsa-Mir-652_3p,0.16266097466924542,87.7867746288799,210.8441642840682,14.747747079054731
Hsa-Mir-34-P2a_5p,0.7944973583378967,3.8461538461538463,0.16206315471488716,0.9723789282893229
Hsa-Mir-19-P1_5p*,0.3217354669739345,75.0,2.4309473207233077,0.32412630942977433
Hsa-Mir-3909_3p,0.37237146440168933,75.71428571428571,8.58934719988902,0.6482526188595487
Hsa-Mir-10-P1a-v1_5p,0.04922214112295215,96.70912951167729,2805.151144959982,48.456883259751265
Hsa-Mir-330-v1_3p,0.6789056730444337,19.047619047619047,1.9447578565786459,2.7550736301530816
Hsa-Mir-30-P1a_3p*,0.39876110846687823,71.26436781609195,10.047915592323005,1.1344420830042101
Hsa-Mir-132-P1_3p,0.31904446735469005,75.0,17.016631245063152,1.782694701863759
Hsa-Mir-3174_5p,0.3893833897463957,38.888888888888886,1.1344420830042101,0.32412630942977433
Hsa-Mir-33-P1_5p,0.15165259489529345,90.74074074074073,7.941094581029471,0.32412630942977433
Hsa-Mir-199-P1-v1_5p*,0.9633873921505012,4.761904761904762,0.16206315471488716,0.9723789282893229
Hsa-Mir-1269_3p,0.20289866065299833,5.88235294117647,0.32412630942977433,4.5377683320168405
Hsa-Mir-219-P1_5p,NA,19.999999999999996,0.16206315471488716,0.6482526188595487
Hsa-Mir-144-v2_3p*,0.034500194891328065,97.94274929223026,2522.9991926013636,7.941094581029471
Hsa-Mir-29-P2a_3p,0.19091708837942234,77.77777777777777,6.806652498025261,0.32412630942977433
Hsa-Mir-199-P3-v2_3p,0.5832206669017549,35.869565217391305,5.348084105591276,5.186020950876389
Hsa-Mir-130-P4a_3p,0.17044554560787833,91.47540983606557,45.21562016545352,0.9723789282893229
Hsa-Mir-542-v2_3p,0.6443755822000379,69.23076923076923,7.2928419621699225,1.4585683924339845
Hsa-Mir-130-P4a_5p*,0.48231647854292425,71.42857142857143,20.257894339360895,4.051578867872179
Hsa-Mir-210_3p,0.08813670066287305,93.43715239154615,136.13304996050522,1.782694701863759
Hsa-Mir-144-v1_5p,0.04505977832810868,97.59941359721458,863.148362011489,5.510147260306163
Hsa-Mir-1307_5p,0.09892044992534105,92.81767955801105,381.1725398894146,13.451241841335635
Hsa-Mir-1908_3p*,0.39208727665914195,1.5267175572519083,0.32412630942977433,12.154736603616538
Hsa-Mir-132-P1_5p*,0.568320873000748,41.37931034482759,1.9447578565786459,1.9447578565786459
Hsa-Mir-23-P1_3p,0.08808350431441682,94.85504287464272,376.4727084026829,4.861894641446615
Hsa-Mir-19-P2a_3p,0.057792663840911314,96.56880733944953,852.9383832644511,16.368378626203604
Hsa-Mir-204-P1_3p*,0.6477396347749214,5.88235294117647,0.48618946414466147,3.4033262490126304
Hsa-Mir-30-P2b_5p,0.371934049857587,66.51162790697674,23.175031124228866,8.751410354603907
Hsa-Mir-616_3p*,0.5914071745900958,10.526315789473683,1.2965052377190973,1.2965052377190973
Hsa-Mir-1287_5p,0.4139645944925575,46.51162790697675,3.2412630942977434,0.6482526188595487
Hsa-Mir-134_5p,0.4958479288284573,59.22330097087379,9.885852437608117,1.2965052377190973
Hsa-Mir-8-P2b_3p,0.2991855403213745,23.80952380952381,0.8103157735744358,0.32412630942977433
Hsa-Mir-589_3p*,0.46894961594958723,52.941176470588225,1.4585683924339845,0.32412630942977433
Hsa-Mir-145_3p*,0.2466295886603103,81.78913738019168,41.488167607011114,2.1068210112935333
Hsa-Mir-8-P2a_3p,0.33273132871397815,57.89473684210527,3.565389403727518,0.48618946414466147
Hsa-Mir-489_3p,0.29811292347118756,18.18181818181818,0.32412630942977433,0.32412630942977433
Hsa-Mir-4773_3p*,0.39079936172148155,15.789473684210526,0.48618946414466147,0.32412630942977433
Hsa-Mir-92-P2_5p*,0.1685564948418276,88.81987577639751,23.175031124228866,1.1344420830042101
Hsa-Mir-15-P2d_5p,0.32083654735922784,46.66666666666667,1.1344420830042101,0.32412630942977433
Hsa-Mir-339_3p,0.3126620486541875,71.31367292225201,86.21759830831998,14.099494460195183
Hsa-Mir-483_5p,0.3734065008188659,32.35294117647059,1.782694701863759,0.48618946414466147
Hsa-Mir-10-P3b_3p*,0.586749918069913,20.0,1.782694701863759,0.9723789282893229
Hsa-Mir-191-v2_3p*,0.4582015122885669,43.82022471910113,6.3204630338806,5.672210415021051
Hsa-Let-7-P9_5p,0.09665770410255299,92.79561472200469,384.0896766742826,15.882189162058943
Hsa-Mir-199-P2-v2_5p*,0.2234504884949079,91.42857142857142,10.372041901752779,0.6482526188595487
Hsa-Mir-493_5p,0.32631368855049,66.19718309859155,7.6169682715996965,1.1344420830042101
Hsa-Mir-148-P1_5p*,0.13035230213484614,91.56626506024097,49.267199033325696,2.5930104754381946
Hsa-Mir-550-P3_5p*,0.6878050342777725,37.50000000000001,2.4309473207233077,0.9723789282893229
Hsa-Mir-124-P3-v1_3p,0.7078868321273233,4.477611940298507,0.48618946414466147,6.968715652740148
Hsa-Mir-10-P3c_5p,0.4364028674956072,70.58823529411765,9.72378928289323,1.1344420830042101
Hsa-Mir-142-P1-v3_3p,0.43563064462434,61.62790697674418,8.58934719988902,0.6482526188595487
Hsa-Mir-577_5p,0.33120206294612636,4.0,0.16206315471488716,1.6206315471488717
Hsa-Mir-1323_5p,0.6178569832882843,7.6923076923076925,0.16206315471488716,0.48618946414466147
Hsa-Mir-199-P2-v3_5p*,NA,23.80952380952381,0.8103157735744358,2.5930104754381946
Hsa-Mir-330-v2_3p,0.7507869116326898,36.36363636363636,2.5930104754381946,1.2965052377190973
Hsa-Mir-3605_5p,0.33712434715026773,67.44186046511628,14.099494460195183,1.4585683924339845
Hsa-Mir-629_3p*,0.2640868873503029,7.142857142857142,0.16206315471488716,0.48618946414466147
Hsa-Mir-676_3p,0.36008670577184737,0.9615384615384616,0.16206315471488716,12.802989222476086
Hsa-Mir-154-P36_3p,0.08422203971129598,94.00921658986175,231.42618493285886,2.1068210112935333
Hsa-Mir-96-P3-v1_5p,0.23691382523551419,78.01494130202775,118.46816609658252,29.657557312824352
Hsa-Mir-181-P1c_3p*,0.3294013504464637,72.07977207977208,41.001978142866456,8.427284045174133
Hsa-Mir-324_3p*,0.4165742570361608,62.35741444866921,26.578357373241495,2.7550736301530816
Hsa-Mir-942-v2_5p,0.3216722767038483,79.38931297709924,33.70913618069653,6.3204630338806
Hsa-Mir-3944_3p,0.42739065711050894,4.545454545454545,0.16206315471488716,0.9723789282893229
Hsa-Mir-15-P1b_3p*,0.0782910291683936,96.08778625954199,163.19759679789138,1.782694701863759
Hsa-Mir-32_3p*,NA,85.71428571428571,1.9447578565786459,0.32412630942977433
Hsa-Mir-216-P1a_3p*,0.4032676966015832,14.285714285714285,0.32412630942977433,0.48618946414466147
Hsa-Mir-342_5p*,0.28101064531749703,78.49462365591398,23.661220588373524,1.782694701863759
Hsa-Mir-337_3p,0.6309297535714574,49.99999999999999,0.6482526188595487,0.32412630942977433
Hsa-Mir-130-P2a_5p*,0.7285457096088033,41.66666666666667,0.8103157735744358,0.48618946414466147
Hsa-Mir-199-P2-v1_3p,0.12000536648740966,95.44191217342969,278.26243664546126,7.4549051168848095
Hsa-Let-7-P8_3p*,0.6666960081524904,57.647058823529406,15.882189162058943,6.158399879165712
Hsa-Mir-96-P1_5p,0.09315545133139819,95.26226734348562,182.48311220896295,4.2136420225870665
Hsa-Mir-154-P23_5p*,0.4281471865600617,54.761904761904766,3.7274525584424048,0.48618946414466147
Hsa-Mir-2355_3p,0.3413847775418123,27.27272727272727,0.48618946414466147,0.32412630942977433
Hsa-Mir-330-v1_5p*,0.2503555896561752,61.111111111111114,3.565389403727518,0.32412630942977433
Hsa-Mir-4424_3p,0.9237949406953986,24.999999999999996,0.32412630942977433,0.8103157735744358
Hsa-Mir-873-v1_3p,0.2681878281714635,7.692307692307691,0.9723789282893229,10.20997874703789
Hsa-Mir-140-v2_5p*,0.9553831932889886,19.999999999999996,0.32412630942977433,0.6482526188595487
Hsa-Mir-95-P1_5p*,0.2965683906623636,14.285714285714285,0.48618946414466147,1.782694701863759
Hsa-Mir-28-P1_5p*,0.21532955478005683,85.40031397174255,88.16235616489861,11.020294520612326
Hsa-Mir-3614_3p*,0.632925321470648,18.18181818181818,0.32412630942977433,0.48618946414466147
Hsa-Mir-506-P4a2_3p,0.6780640247297548,30.434782608695652,1.1344420830042101,0.6482526188595487
Hsa-Mir-490_3p,0.5793305525768438,14.285714285714285,0.8103157735744358,2.917136784867969
Hsa-Mir-340_5p,0.05950422575900252,96.78881752927843,415.2058023795409,2.5930104754381946
Hsa-Mir-3200_5p*,0.3540124437865544,63.768115942028984,7.130778807455036,0.6482526188595487
Hsa-Mir-331_5p*,0.45123388020766214,64.91228070175438,5.996336724450825,0.8103157735744358
Hsa-Mir-191-v1_3p*,0.5455573525787274,42.3728813559322,4.051578867872179,0.9723789282893229
Hsa-Mir-34-P1_5p,0.48581335049643487,60.317460317460316,6.158399879165712,0.6482526188595487
Hsa-Mir-145_5p,0.4740503349085846,67.12328767123287,7.941094581029471,0.9723789282893229
Hsa-Let-7-P9_3p*,0.3415622166812396,2.3437499999999996,0.48618946414466147,15.720126007344055
Hsa-Mir-432_5p,0.3871318319686625,53.57142857142856,14.585683924339845,3.8895157131572917
Hsa-Mir-216-P1a_5p,0.42687968740985544,37.49999999999999,0.9723789282893229,0.32412630942977433
Hsa-Mir-362-P4_5p*,0.5301967781745115,38.46153846153846,0.8103157735744358,0.8103157735744358
Hsa-Mir-154-P4a_3p,0.6385175679782361,8.695652173913043,0.32412630942977433,2.7550736301530816
Hsa-Mir-3130_3p*,0.5795502492207893,8.0,0.6482526188595487,1.782694701863759
Hsa-Mir-34-P3a_5p,0.42687968740985544,6.249999999999999,0.16206315471488716,0.9723789282893229
Hsa-Mir-17-P1a_3p*,0.10960181298469508,90.84337349397592,61.09780932751246,0.9723789282893229
Hsa-Mir-130-P2a_3p,0.08447044292508787,96.09838846480068,183.61755429196717,3.565389403727518
Hsa-Mir-30-P2b_3p*,0.2932878293155371,77.66990291262135,12.965052377190974,0.8103157735744358
Hsa-Mir-15-P2a_3p*,0.19342640361727081,24.999999999999996,0.32412630942977433,0.16206315471488716
Hsa-Mir-624_5p,0.5365872148941448,54.761904761904766,3.7274525584424048,0.48618946414466147
Hsa-Mir-642_5p,0.3336175068585878,19.999999999999996,0.16206315471488716,0.32412630942977433
Hsa-Mir-589_5p,0.06959335366933676,95.1534733441034,95.45519812706854,0.6482526188595487
Hsa-Mir-150_3p*,0.3217108908747097,69.10569105691057,13.77536815076541,3.079199939582856
Hsa-Mir-136-v2_3p,0.15563906222956642,74.99999999999999,1.9447578565786459,0.16206315471488716
Hsa-Mir-7854_3p,0.3315672970809447,49.99999999999999,1.4585683924339845,0.48618946414466147
Hsa-Mir-188-P3_5p,0.08434602728861182,94.10609037328095,155.2565022168619,5.996336724450825
Hsa-Mir-154-P16_5p,0.5778195311147832,18.749999999999996,0.48618946414466147,0.48618946414466147
Hsa-Let-7-P12_3p*,0.03802843789302738,97.10743801652893,38.084841357998485,0.32412630942977433
Hsa-Mir-154-P2-v2_3p*,0.6919549279063498,18.18181818181818,0.32412630942977433,0.32412630942977433
Hsa-Mir-3613_3p*,0.6072183493809178,61.538461538461526,2.5930104754381946,0.32412630942977433
Hsa-Mir-15-P1d_3p*,0.061269822479145225,96.59574468085107,147.15334448111756,0.8103157735744358
Hsa-Mir-505-v2_5p,0.43521002725056795,33.33333333333333,0.48618946414466147,0.32412630942977433
Hsa-Mir-154-P21_5p*,0.5153195311147831,12.499999999999998,0.16206315471488716,0.48618946414466147
Hsa-Mir-194-P1_3p*,0.5070256959034929,9.999999999999998,0.32412630942977433,0.48618946414466147
Hsa-Mir-4661_5p,0.39318179213107735,7.6923076923076925,0.16206315471488716,0.32412630942977433
Hsa-Mir-3942_3p*,0.8175868936460697,16.666666666666664,0.48618946414466147,1.782694701863759
Hsa-Mir-130-P2b_3p,0.0679847449666438,95.97701149425288,27.064546837386157,0.48618946414466147
Hsa-Mir-874_5p*,0.4915503121817897,4.166666666666666,0.16206315471488716,1.2965052377190973
Hsa-Mir-30-P2c_5p,0.05227650329588397,96.20535714285715,139.69843936423274,1.4585683924339845
Hsa-Mir-153-P1_5p*,0.6275815931681765,58.8235294117647,1.6206315471488717,0.48618946414466147
Hsa-Mir-506-P4b_3p,0.4656443169989403,6.666666666666667,0.32412630942977433,1.6206315471488717
Hsa-Mir-550-P3_3p,0.12574143899353474,85.0,2.7550736301530816,0.16206315471488716
Hsa-Mir-146-P2_3p*,0.2924726942508291,73.14814814814814,12.802989222476086,0.6482526188595487
Hsa-Mir-142-P1-v1_3p*,0.25421560332926363,80.76923076923076,47.64656748617683,1.6206315471488717
Hsa-Mir-154-P25_3p,0.6028804588422202,51.61290322580644,2.5930104754381946,1.1344420830042101
Hsa-Mir-3136_5p,0.4444658455727411,12.5,0.9723789282893229,2.1068210112935333
Hsa-Mir-17-P3a_5p,0.07789085206939907,94.81751824817519,210.52003797463843,1.4585683924339845
Hsa-Mir-331_3p,0.499747790355156,40.625,4.2136420225870665,1.782694701863759
Hsa-Mir-17-P3b_5p,0.2313615348298651,88.54961832061068,18.79932594692691,1.1344420830042101
Hsa-Mir-1301_3p,0.4260258734175496,56.24999999999999,7.2928419621699225,1.782694701863759
Hsa-Mir-30-P2a_3p*,0.4642314280291538,42.857142857142854,1.9447578565786459,0.6482526188595487
Hsa-Mir-542-v1_5p*,0.37314367110499036,6.666666666666667,0.16206315471488716,0.48618946414466147
Hsa-Mir-335_3p*,0.18903230416019043,86.89024390243901,46.18799909374284,5.348084105591276
Hsa-Mir-96-P3-v2_5p,0.20145257338775927,81.62393162393163,61.908125101086895,10.696168211182552
Hsa-Mir-101-P1-v2_5p*,0.09343778992648283,93.25842696629213,13.451241841335635,0.32412630942977433
Hsa-Mir-148-P2_5p*,0.13184908386945413,95.1923076923077,32.08850463354766,0.6482526188595487
Hsa-Mir-450-P3_5p,0.13979549212095752,92.96482412060301,59.96336724450825,1.2965052377190973
Hsa-Mir-328_5p*,0.3146614207141845,5.0,0.16206315471488716,0.8103157735744358
Hsa-Mir-625_5p,0.12506384970926798,90.45454545454545,32.25056778826254,0.8103157735744358
Hsa-Mir-361-v2_3p,0.3657200949133972,70.98765432098766,18.637262792212024,2.4309473207233077
Hsa-Mir-5094_5p,0.5315343582035665,34.48275862068966,1.6206315471488717,1.1344420830042101
Hsa-Mir-10-P3c_3p*,0.4689657532566297,52.94117647058824,8.751410354603907,5.348084105591276
Hsa-Mir-452-v2_3p*,NA,87.5,1.1344420830042101,0.16206315471488716
Hsa-Mir-29-P2b-v1_5p*,0.5190239298878456,46.153846153846146,0.9723789282893229,0.6482526188595487
Hsa-Mir-556_5p,0.17228850564076229,53.333333333333336,1.2965052377190973,0.16206315471488716
Hsa-Mir-15-P1b_5p,0.04867833189858988,97.1896955503513,201.76862762003452,0.9723789282893229
Hsa-Mir-642_3p,0.6613957746031488,44.444444444444436,0.6482526188595487,0.48618946414466147
Hsa-Mir-185_3p*,0.32686256493747695,68.8888888888889,15.071873388484507,2.1068210112935333
Hsa-Let-7-P7_3p*,0.4265120482481083,19.565217391304348,2.917136784867969,10.85823136589744
Hsa-Mir-217-v2_5p,0.6364787149230773,17.391304347826086,0.6482526188595487,0.9723789282893229
Hsa-Mir-154-P23_3p,0.06898137998087686,96.03841536614645,129.65052377190972,1.6206315471488717
Hsa-Mir-193-P1a_5p,0.40613711512740996,4.761904761904762,0.16206315471488716,0.6482526188595487
Hsa-Mir-2115_5p*,0.7483042360065338,2.7777777777777772,0.16206315471488716,1.6206315471488717
Hsa-Mir-92-P4_5p*,0.3471580563512197,6.249999999999999,0.32412630942977433,2.7550736301530816
Hsa-Mir-10-P2a_5p,0.11813790066786692,91.91419141914191,90.26917717619214,1.4585683924339845
Hsa-Mir-96-P3-v1_3p*,0.655898170967261,53.84615384615384,1.1344420830042101,0.32412630942977433
Hsa-Mir-154-P5_3p,0.23967974127524547,87.32394366197182,10.047915592323005,0.48618946414466147
Hsa-Mir-1270_5p,0.5560123956349002,44.444444444444436,1.9447578565786459,0.6482526188595487
Hsa-Mir-30-P2a_5p,0.01816405894081706,99.05753968253968,323.64011996562965,0.6482526188595487
Hsa-Mir-483_3p*,0.4707589792343045,37.49999999999999,2.917136784867969,0.6482526188595487
Hsa-Mir-1249_3p,0.4468003147642815,59.09090909090909,2.1068210112935333,0.48618946414466147
Hsa-Mir-574_5p*,0.26353443713482444,68.75,5.348084105591276,0.32412630942977433
Hsa-Mir-8-P1b_3p,0.04554752838034489,97.50445632798575,88.64854562904328,0.6482526188595487
Hsa-Mir-154-P9_3p,0.12094446269662681,92.8,37.59865189385382,0.6482526188595487
Hsa-Mir-491_3p*,NA,33.33333333333333,0.16206315471488716,0.32412630942977433
Hsa-Mir-138-P1_5p,0.4620762702168837,18.18181818181818,0.32412630942977433,0.9723789282893229
Hsa-Mir-935-v1_3p,0.22726166758957364,9.999999999999998,0.16206315471488716,1.1344420830042101
Hsa-Mir-760_3p,0.6847177907894443,12.5,0.48618946414466147,0.9723789282893229
Hsa-Mir-208-P2_3p,0.5083159085563933,24.242424242424242,1.2965052377190973,1.6206315471488717
Hsa-Mir-154-P12_3p,0.05433792823712428,97.94520547945206,92.70012449691546,0.48618946414466147
Hsa-Mir-193-P1b_5p,0.586351873970213,24.137931034482754,1.1344420830042101,0.9723789282893229
Hsa-Mir-26-P3_3p*,0.27293152605494125,78.19548872180451,33.70913618069653,4.5377683320168405
Hsa-Mir-196-P3_5p,0.43470836267338975,65.74074074074073,11.506483984756988,2.2688841660084202
Hsa-Mir-3127_5p,0.46383598643099544,34.48275862068966,1.6206315471488717,0.9723789282893229
Hsa-Mir-550-P2_5p*,0.5746790674571876,78.57142857142857,5.348084105591276,0.8103157735744358
Hsa-Mir-219-P1_3p*,0.6590774635423173,42.857142857142854,1.4585683924339845,0.6482526188595487
Hsa-Mir-199-P3-v1_5p*,0.7895493755871041,61.111111111111114,7.130778807455036,3.4033262490126304
Hsa-Mir-370_3p,0.3968609888779103,60.869565217391305,6.806652498025261,1.6206315471488717
Hsa-Mir-10-P3b_5p,0.1587655403805552,89.72972972972974,26.90248368267127,1.2965052377190973
Hsa-Mir-193-P2a-v2_3p,0.11067069502029483,92.00000000000001,3.7274525584424048,0.16206315471488716
Hsa-Mir-4766_3p,0.4957785543044004,23.076923076923073,0.48618946414466147,0.48618946414466147
Hsa-Mir-27-P2_5p*,0.2826799337805403,75.60975609756098,5.023957796161502,0.48618946414466147
Hsa-Mir-766_5p,0.6827625002938044,22.222222222222218,0.6482526188595487,0.48618946414466147
Hsa-Mir-7-P1_3p*,0.5673481047675265,77.77777777777779,5.672210415021051,1.1344420830042101
Hsa-Mir-338-P1_3p,0.15314169929096502,83.1168831168831,20.744083803505557,2.4309473207233077
Hsa-Mir-154-P26_3p,NA,27.77777777777778,0.8103157735744358,2.1068210112935333
Hsa-Mir-430-P47_5p,0.0,24.999999999999996,0.16206315471488716,0.16206315471488716
Hsa-Mir-154-P13_5p,0.07580788061847013,98.9010989010989,72.92841962169922,0.6482526188595487
Hsa-Mir-193-P1b_3p,NA,85.71428571428571,0.9723789282893229,0.16206315471488716
Hsa-Mir-744_3p*,NA,83.33333333333334,2.4309473207233077,0.48618946414466147
Hsa-Mir-425_3p*,0.5023710231024295,52.72727272727273,14.099494460195183,2.2688841660084202
Hsa-Mir-769_3p*,0.6822763701303572,4.878048780487805,0.32412630942977433,2.4309473207233077
Hsa-Mir-96-P2_3p*,0.21533827903669653,50.0,0.8103157735744358,0.16206315471488716
Hsa-Mir-1277_3p*,0.5998344612704672,23.076923076923073,1.4585683924339845,1.9447578565786459
Hsa-Mir-17-P5_3p*,0.20700248546136474,85.52631578947367,21.068210112935333,0.8103157735744358
Hsa-Mir-376-P4_3p,NA,90.9090909090909,1.6206315471488717,0.16206315471488716
Hsa-Mir-541_3p*,0.5386270305015739,5.0,0.16206315471488716,0.32412630942977433
Hsa-Mir-17-P2a_3p*,0.22451238915584537,92.88702928870292,35.97802034670495,1.6206315471488717
Hsa-Mir-3163_5p,0.12999166682692362,66.66666666666666,2.5930104754381946,0.16206315471488716
Hsa-Mir-598_3p,0.0627837434994354,87.99999999999999,7.130778807455036,0.16206315471488716
Hsa-Mir-221-P1_5p*,0.21938072328969613,86.58536585365853,11.506483984756988,0.48618946414466147
Hsa-Let-7-P5_3p*,1.101285028638309,41.37931034482759,3.8895157131572917,3.079199939582856
Hsa-Mir-590_3p,0.031336652110953316,95.55555555555556,13.937431305480295,0.16206315471488716
Hsa-Mir-214_3p,0.6230238872657184,22.222222222222218,0.32412630942977433,0.32412630942977433
Hsa-Mir-324_5p,0.058224198167168735,95.27027027027027,22.85090481479909,0.32412630942977433
Hsa-Mir-506-P3_3p,0.3812338851926885,9.999999999999998,0.16206315471488716,0.48618946414466147
Hsa-Let-7-P11_3p*,0.09229517472105495,86.20689655172414,4.051578867872179,0.16206315471488716
Hsa-Mir-139_5p,0.16850007457259514,89.34426229508198,17.6648838639227,0.32412630942977433
Hsa-Mir-154-P14_5p,0.6230238872657184,22.222222222222218,0.32412630942977433,0.32412630942977433
Hsa-Mir-199-P3-v2_5p*,0.11149033035603852,95.78947368421053,14.747747079054731,0.32412630942977433
Hsa-Mir-136-v1_3p,0.06795974698098661,96.3302752293578,34.033262490126305,0.6482526188595487
Hsa-Mir-34-P3c_5p,0.5119678261879534,26.66666666666666,0.6482526188595487,0.48618946414466147
Hsa-Mir-130-P1b_5p*,0.12950265870436553,91.77215189873418,46.998314867317276,0.6482526188595487
Hsa-Mir-154-P10_3p,0.40499492794500946,35.714285714285715,0.8103157735744358,0.6482526188595487
Hsa-Mir-3194_5p,0.6442358590725441,30.0,0.48618946414466147,0.8103157735744358
Hsa-Let-7-P2_3p*,0.6309297535714574,49.99999999999999,0.6482526188595487,0.32412630942977433
Hsa-Mir-154-P2-v1_3p,0.7285457096088034,16.666666666666664,0.32412630942977433,0.8103157735744358
Hsa-Mir-579_5p,0.43449721968977456,33.33333333333333,0.8103157735744358,0.32412630942977433
Hsa-Mir-874_3p,0.3385331044827031,66.12903225806451,6.644589343310374,0.6482526188595487
Hsa-Mir-362-P1_3p*,0.21101211246005996,77.77777777777779,5.672210415021051,0.6482526188595487
Hsa-Mir-3690_5p,0.2625276021073336,50.0,1.6206315471488717,0.32412630942977433
Hsa-Mir-140-v1_5p*,0.025296791734672492,96.42857142857144,17.502820709207814,0.16206315471488716
Hsa-Mir-2277_5p,0.5499982161371555,24.0,1.9447578565786459,1.782694701863759
Hsa-Mir-218-P1_5p,0.6156164919536516,14.814814814814813,0.6482526188595487,0.6482526188595487
Hsa-Mir-9-P2_5p,0.4515703024736414,73.33333333333333,1.782694701863759,0.32412630942977433
Hsa-Mir-935-v2_3p,0.17176508466647492,11.111111111111109,0.16206315471488716,0.32412630942977433
Hsa-Mir-3121_3p,0.47497100661002795,18.749999999999996,0.48618946414466147,0.32412630942977433
Hsa-Mir-154-P15_5p,0.22562495483030667,75.0,3.4033262490126304,0.32412630942977433
Hsa-Mir-10-P2b_5p,0.225080677686002,89.9581589958159,34.84357826370074,1.1344420830042101
Hsa-Mir-154-P17_3p,0.2861598027936972,82.27848101265823,10.534105056467666,0.48618946414466147
Hsa-Mir-4662_5p,0.14667111705967517,92.10526315789473,11.344420830042102,0.48618946414466147
Hsa-Mir-17-P1b_3p*,NA,94.11764705882352,2.5930104754381946,0.16206315471488716
Hsa-Mir-133-P2-v1_5p*,1.0477649325740983,14.285714285714285,0.16206315471488716,0.48618946414466147
Hsa-Mir-542-v1_3p,0.4937853813390268,49.99999999999999,2.5930104754381946,0.48618946414466147
Hsa-Mir-376-P3_3p,0.0,24.999999999999996,0.16206315471488716,0.16206315471488716
Hsa-Mir-199-P3-v1_3p,0.23006394549717105,86.7924528301887,7.4549051168848095,0.32412630942977433
Hsa-Mir-3605_3p,0.2131249905268899,87.5,14.747747079054731,0.8103157735744358
Hsa-Mir-132-P2_3p*,0.6510870687086645,25.0,1.1344420830042101,0.6482526188595487
Hsa-Mir-362-P4_3p,0.06139436172060516,94.15204678362574,26.092167909096833,0.48618946414466147
Hsa-Mir-3194_3p,0.6137318293053735,9.09090909090909,0.16206315471488716,0.6482526188595487
Hsa-Mir-361-v2_5p*,0.12070879295392034,90.57971014492755,40.51578867872179,1.4585683924339845
Hsa-Mir-628_3p*,0.3231104589150401,60.946745562130175,16.692504935633377,0.9723789282893229
Hsa-Mir-184_3p,0.3141634261640653,9.523809523809524,0.32412630942977433,0.9723789282893229
Hsa-Mir-194-P1_5p,0.08585418656491513,93.37748344370861,22.85090481479909,0.32412630942977433
Hsa-Mir-624_3p*,0.8317320297263957,15.384615384615381,0.32412630942977433,0.48618946414466147
Hsa-Mir-1294_5p,0.13776946754977742,79.66101694915254,15.233936543199393,0.48618946414466147
Hsa-Mir-199-P1-v1_3p,0.6463217154438,5.128205128205128,0.32412630942977433,1.782694701863759
Hsa-Mir-3173_5p,0.43538146874978767,71.79487179487178,4.5377683320168405,0.32412630942977433
Hsa-Mir-5010_5p,0.14141958973413807,92.85714285714286,33.70913618069653,0.48618946414466147
Hsa-Mir-154-P22_5p*,0.42902583091115754,5.555555555555555,0.16206315471488716,1.4585683924339845
Hsa-Mir-576_5p,0.044579031625746744,96.9325153374233,51.21195688990434,0.32412630942977433
Hsa-Mir-154-P36_5p*,0.5163871205878868,28.57142857142857,0.32412630942977433,0.32412630942977433
Hsa-Mir-199-P1-v2_3p,0.11166894200956078,92.15686274509804,22.85090481479909,0.32412630942977433
Hsa-Mir-197_5p*,0.5070253346744629,35.13513513513514,2.1068210112935333,0.48618946414466147
Hsa-Mir-2277_3p*,0.5778327907619408,9.999999999999998,0.32412630942977433,0.48618946414466147
Hsa-Mir-138-P2_5p,0.36824925373468376,6.249999999999999,0.32412630942977433,2.5930104754381946
Hsa-Mir-452-v1_5p,0.23166699202188765,74.07407407407408,3.2412630942977434,0.32412630942977433
Hsa-Mir-1247_5p,0.30098595182671145,4.545454545454545,0.16206315471488716,0.48618946414466147
Hsa-Mir-592_5p,1.5219280948873621,40.0,0.6482526188595487,0.6482526188595487
Hsa-Mir-3611_3p,NA,79.99999999999999,0.6482526188595487,0.16206315471488716
Hsa-Mir-154-P10_5p,0.47785484659599364,9.09090909090909,0.16206315471488716,0.32412630942977433
Hsa-Mir-154-P3b_3p,0.14943541467769153,90.9090909090909,8.103157735744357,0.32412630942977433
Hsa-Mir-1256_3p*,0.21081387485801145,72.72727272727272,1.2965052377190973,0.16206315471488716
Hsa-Mir-128-P1_5p*,0.45961901656668414,54.54545454545455,2.917136784867969,0.48618946414466147
Hsa-Mir-214_5p*,0.9237949406953986,62.5,0.8103157735744358,0.32412630942977433
Hsa-Mir-885_5p,0.3972621571411129,90.0,4.3757051773019535,0.32412630942977433
Hsa-Mir-17-P3b_3p*,0.5519815220033772,7.6923076923076925,0.16206315471488716,0.6482526188595487
Hsa-Mir-499_5p,0.7076765296822561,68.75,1.782694701863759,0.32412630942977433
Hsa-Mir-26-P1_3p*,0.2575424759098898,79.99999999999999,1.2965052377190973,0.16206315471488716
Hsa-Mir-1910_3p,0.39081320708455347,3.571428571428571,0.16206315471488716,2.4309473207233077
Hsa-Mir-376-P1_3p,1.0477649325740983,42.857142857142854,0.48618946414466147,0.48618946414466147
Hsa-Mir-374-P2_5p,0.05165577588154029,96.20253164556962,49.267199033325696,0.48618946414466147
Hsa-Mir-5000_3p,0.17336672398937206,71.42857142857143,1.6206315471488717,0.16206315471488716
Hsa-Mir-3150_3p,0.38976234415421546,44.18604651162791,3.079199939582856,0.9723789282893229
Hsa-Mir-15-P1c_5p,0.382666433400114,76.19047619047619,5.186020950876389,0.48618946414466147
Hsa-Mir-154-P6_5p,0.8269174395547398,52.941176470588225,1.4585683924339845,0.48618946414466147
Hsa-Mir-504-v1_5p,0.6554416775055032,47.058823529411754,1.2965052377190973,1.1344420830042101
Hsa-Mir-154-P21_3p,0.08946204690255141,86.66666666666667,4.2136420225870665,0.16206315471488716
Hsa-Mir-208-P1_3p,0.1856158885204076,9.999999999999998,0.16206315471488716,0.48618946414466147
Hsa-Mir-218-P2_5p,0.551037163886546,26.66666666666666,0.6482526188595487,0.8103157735744358
Hsa-Mir-433_3p,0.3132722299742224,70.83333333333333,2.7550736301530816,0.48618946414466147
Hsa-Mir-652_5p*,0.6821410394470733,70.58823529411764,1.9447578565786459,0.32412630942977433
Hsa-Mir-511_3p,0.5843615184930855,23.80952380952381,0.8103157735744358,0.48618946414466147
Hsa-Mir-576_3p*,0.31491882535489396,63.1578947368421,3.8895157131572917,0.32412630942977433
Hsa-Mir-15-P1d_5p,0.16062516052428855,90.58823529411765,24.957725826092624,0.48618946414466147
Hsa-Mir-187_3p,0.5182761611386087,13.043478260869565,0.48618946414466147,0.8103157735744358
Hsa-Mir-144-v2_5p,0.020458119054011376,98.89042995839114,577.7551465585727,0.9723789282893229
Hsa-Mir-3614_5p,0.26112907027626375,76.19047619047619,7.779031426314583,0.6482526188595487
Hsa-Mir-3613_5p,0.23259072757758145,82.70676691729324,17.82694701863759,1.2965052377190973
Hsa-Mir-574_3p,0.24148246803306248,88.93442622950819,35.167704573130514,2.2688841660084202
Hsa-Mir-15-P2c_5p,0.22705344275828676,89.74358974358974,5.672210415021051,0.32412630942977433
Hsa-Mir-430-P13_5p,0.6613957746031488,33.33333333333333,0.48618946414466147,0.6482526188595487
Hsa-Mir-133-P1-v2_3p,0.9777327903350892,14.285714285714285,0.16206315471488716,0.6482526188595487
Hsa-Mir-330-v2_5p*,0.17176508466647492,11.111111111111109,0.16206315471488716,0.32412630942977433
Hsa-Mir-186_3p*,0.4032676966015832,21.428571428571427,0.48618946414466147,0.32412630942977433
Hsa-Mir-154-P30_3p,0.38557806785666093,78.94736842105263,2.4309473207233077,0.32412630942977433
Hsa-Mir-17-P1b_5p,0.33581040571716236,70.08547008547009,13.289178686620748,1.6206315471488717
Hsa-Mir-154-P5_5p,0.04577972397905481,96.7741935483871,9.72378928289323,0.16206315471488716
Hsa-Mir-1256_5p,0.7841767744416843,33.33333333333333,0.6482526188595487,0.32412630942977433
Hsa-Mir-133-P1-v1_3p,0.17389929151265412,92.85714285714285,21.068210112935333,0.32412630942977433
Hsa-Mir-31_5p,0.6858811556469656,22.72727272727273,0.8103157735744358,0.32412630942977433
Hsa-Mir-1286_3p,0.7410640327973805,21.428571428571427,0.48618946414466147,0.32412630942977433
Hsa-Mir-24-P1_5p*,0.08461310116140804,87.0967741935484,13.12711553190586,0.32412630942977433
Hsa-Mir-550-P1_5p*,0.2008851942459597,84.44444444444446,6.158399879165712,0.48618946414466147
Hsa-Mir-378_5p*,0.44504762249535945,35.29411764705882,0.9723789282893229,0.48618946414466147
Hsa-Mir-196-P3_3p*,0.4821928094887362,50.0,0.8103157735744358,0.32412630942977433
Hsa-Mir-136-v2_5p*,0.6666666666666666,33.33333333333333,0.32412630942977433,0.32412630942977433
Hsa-Mir-296_3p*,0.6633803120088515,19.999999999999996,0.6482526188595487,0.48618946414466147
Hsa-Mir-194-P2_5p,0.08880034035944034,94.96855345911949,24.471536361947962,0.32412630942977433
Hsa-Mir-504-v2_5p,0.0,19.999999999999996,0.16206315471488716,0.16206315471488716
Hsa-Mir-133-P2-v2_3p,1.1513313314268143,47.368421052631575,1.4585683924339845,0.6482526188595487
Hsa-Mir-5010_3p*,0.9777327903350892,57.14285714285714,0.6482526188595487,0.32412630942977433
Hsa-Mir-3127_3p*,0.5570867990241153,26.66666666666666,0.6482526188595487,0.32412630942977433
Hsa-Mir-5683_5p,0.16399756624505363,93.22033898305087,8.913473509318795,0.32412630942977433
Hsa-Mir-205-P1_5p,0.12276149664341923,88.52459016393443,8.751410354603907,0.32412630942977433
Hsa-Mir-204-P1_5p,0.3504626297220497,72.72727272727272,6.482526188595487,0.8103157735744358
Hsa-Mir-296_5p,0.8466554799108044,56.25,1.4585683924339845,0.6482526188595487
Hsa-Mir-154-P28a_3p,0.4086380779192351,78.57142857142857,3.565389403727518,0.32412630942977433
Hsa-Mir-3617_5p,0.43067655807339306,12.499999999999998,0.16206315471488716,0.32412630942977433
Hsa-Mir-361-v1_5p,0.2426670209452025,81.70731707317074,21.71646273179488,2.4309473207233077
Hsa-Mir-181-P2b_3p*,0.5897505332229575,12.499999999999998,0.32412630942977433,0.9723789282893229
Hsa-Mir-3942_5p,0.10959766909741409,83.33333333333333,3.2412630942977434,0.16206315471488716
Hsa-Mir-154-P3a-v2_3p,NA,89.99999999999999,1.4585683924339845,0.16206315471488716
Hsa-Mir-29-P1b_5p*,NA,94.73684210526315,2.917136784867969,0.16206315471488716
Hsa-Mir-3173_3p*,0.673008400085914,6.666666666666667,0.32412630942977433,0.9723789282893229
Hsa-Mir-4637_5p*,0.19342640361727081,12.499999999999998,0.16206315471488716,0.32412630942977433
Hsa-Mir-542-v2_5p*,0.5977439636167808,16.666666666666664,0.32412630942977433,0.8103157735744358
Hsa-Mir-340_3p*,0.2530890351357958,90.72164948453607,14.261557614910071,1.1344420830042101
Hsa-Mir-362-P2_5p*,0.19342640361727081,12.499999999999998,0.16206315471488716,0.32412630942977433
Hsa-Mir-154-P15_3p*,NA,88.88888888888887,1.2965052377190973,0.16206315471488716
Hsa-Mir-188-P1_3p*,0.5060696426175493,14.285714285714285,0.32412630942977433,0.32412630942977433
Hsa-Mir-32_5p,0.013450188917248966,99.58058717795086,269.34896313614246,0.6482526188595487
Hsa-Mir-26-P2_3p*,0.3961090439573235,56.25,1.4585683924339845,0.48618946414466147
Hsa-Mir-10-P2b_3p*,0.0,24.999999999999996,0.16206315471488716,0.16206315471488716
Hsa-Mir-430-P5_5p,0.6666666666666666,33.33333333333333,0.32412630942977433,0.32412630942977433
Hsa-Mir-550-P2_3p,NA,95.0,3.079199939582856,0.16206315471488716
Hsa-Mir-193-P2a-v1_3p,NA,85.71428571428571,0.9723789282893229,0.16206315471488716
Hsa-Mir-431_5p,0.07402703429908374,93.56435643564356,30.629936241113676,0.48618946414466147
Hsa-Mir-216-P1b_5p,NA,60.0,0.48618946414466147,0.32412630942977433
Hsa-Mir-148-P3_5p*,0.8721805563568403,66.66666666666666,0.9723789282893229,0.32412630942977433
Hsa-Mir-199-P3-v3_3p,0.003624094625713835,99.8269147555171,747.7593958544894,0.48618946414466147
Hsa-Mir-154-P1_5p,NA,49.99999999999999,0.16206315471488716,0.16206315471488716
Hsa-Mir-3146_3p,0.3336175068585878,40.0,0.32412630942977433,0.16206315471488716
Hsa-Mir-361-v1_3p*,0.1774147388677874,92.22222222222223,26.90248368267127,1.1344420830042101
Hsa-Mir-1343_3p,0.47497100661002795,18.749999999999996,0.48618946414466147,0.32412630942977433
Hsa-Mir-450-P2_3p*,0.5163871205878868,28.57142857142857,0.32412630942977433,0.32412630942977433
Hsa-Mir-10-P3a_3p*,0.3467871375837754,21.839080459770116,3.079199939582856,10.372041901752779
Hsa-Mir-15-P2c_3p*,1.0586902086795695,52.631578947368425,1.6206315471488717,0.8103157735744358
Hsa-Mir-597_3p,0.9774119962199698,28.57142857142857,0.32412630942977433,0.32412630942977433
Hsa-Mir-3918_5p,0.33083499013876644,19.999999999999996,0.32412630942977433,0.32412630942977433
Hsa-Mir-10-P1b-v1_3p*,0.4817304841524799,86.95652173913044,3.2412630942977434,0.32412630942977433
Hsa-Mir-4637_3p,0.7463659726629288,33.33333333333333,0.48618946414466147,0.32412630942977433
Hsa-Mir-181-P2a_3p*,0.373610868154607,16.666666666666664,0.48618946414466147,0.48618946414466147
Hsa-Mir-17-P2b_3p*,0.3853730300528808,70.0,2.2688841660084202,0.48618946414466147
Hsa-Mir-30-P1c_3p*,0.15949028493758988,93.97590361445783,25.2818521355224,0.48618946414466147
Hsa-Mir-7854_5p*,1.5304930567574826,33.33333333333333,0.48618946414466147,0.6482526188595487
Hsa-Mir-1271_5p,NA,94.11764705882352,5.186020950876389,0.32412630942977433
Hsa-Mir-194-P2_3p*,0.0,24.999999999999996,0.16206315471488716,0.16206315471488716
Hsa-Mir-2116_3p,0.3336175068585878,19.999999999999996,0.16206315471488716,0.32412630942977433
Hsa-Mir-154-P8_3p,NA,83.33333333333333,0.8103157735744358,0.16206315471488716
Hsa-Mir-154-P18_3p,0.6235970046012312,28.57142857142857,0.6482526188595487,0.8103157735744358
Hsa-Mir-455-v1_5p,NA,85.71428571428571,0.9723789282893229,0.16206315471488716
Hsa-Mir-873-v1_5p,0.18363970962650072,69.23076923076923,1.4585683924339845,0.16206315471488716
Hsa-Mir-17-P2b_5p,0.4731378637747409,80.55555555555556,4.6998314867317275,0.32412630942977433
Hsa-Mir-103-P3_5p*,0.26416041678685936,33.33333333333333,0.32412630942977433,0.16206315471488716
Hsa-Mir-27-P1_5p*,0.2667586084402145,80.76923076923076,3.4033262490126304,0.32412630942977433
Hsa-Mir-2115_3p,0.43419926966890954,65.625,3.4033262490126304,0.48618946414466147
Hsa-Mir-511_5p,0.31099318119089725,76.19047619047619,2.5930104754381946,0.32412630942977433
Hsa-Mir-153-P2_3p,0.40014375065222707,77.77777777777777,2.2688841660084202,0.32412630942977433
Hsa-Mir-1908_5p,0.3812338851926885,30.0,0.48618946414466147,0.32412630942977433
Hsa-Mir-450-P1_5p,0.2460468309523617,66.66666666666666,0.9723789282893229,0.16206315471488716
Hsa-Mir-188-P1_5p,0.3120319390594133,58.064516129032256,2.917136784867969,0.48618946414466147
Hsa-Mir-431_3p*,0.4845394317247779,53.84615384615384,1.1344420830042101,0.48618946414466147
Hsa-Mir-561_5p,0.36194670997847267,91.17647058823529,5.023957796161502,0.32412630942977433
Hsa-Mir-154-P13_3p*,0.601474765474161,55.55555555555556,0.8103157735744358,0.32412630942977433
Hsa-Mir-132-P2_5p,0.44217935649972373,60.0,0.48618946414466147,0.16206315471488716
Hsa-Mir-3940_3p,0.48519738810275664,64.0,2.5930104754381946,0.6482526188595487
Hsa-Mir-127_5p*,0.19498750024038541,66.66666666666666,1.2965052377190973,0.16206315471488716
Hsa-Mir-203-v1_3p,0.062117571058173476,96.08695652173914,35.815957191990066,0.32412630942977433
Hsa-Mir-29-P2b-v2_3p,0.27182302961258487,94.3661971830986,10.85823136589744,0.48618946414466147
Hsa-Mir-584_3p*,1.0283208335737188,50.0,0.48618946414466147,0.32412630942977433
Hsa-Mir-9-P3_5p,0.4821928094887362,19.999999999999996,0.32412630942977433,0.8103157735744358
Hsa-Mir-154-P16_3p,0.19498750024038541,66.66666666666666,1.2965052377190973,0.16206315471488716
Hsa-Mir-4677_3p,0.29667488844393985,76.08695652173914,5.672210415021051,0.32412630942977433
Hsa-Mir-9-P1_5p,0.0,24.999999999999996,0.16206315471488716,0.16206315471488716
Hsa-Mir-616_5p,0.30371532386665423,86.27450980392157,7.130778807455036,0.48618946414466147
Hsa-Mir-3690_3p*,0.3336175068585878,19.999999999999996,0.16206315471488716,0.32412630942977433
Hsa-Mir-3145_5p*,1.0575424759098897,40.0,0.32412630942977433,0.32412630942977433
Hsa-Mir-430-P7_3p,0.5,24.999999999999996,0.16206315471488716,0.32412630942977433
Hsa-Mir-199-P3-v3_5p*,0.3291562502003212,66.66666666666666,3.8895157131572917,0.48618946414466147
Hsa-Mir-154-P27_3p,0.1811720320523695,91.15646258503402,21.71646273179488,0.32412630942977433
Hsa-Mir-651_5p,0.1659672727863438,86.36363636363637,6.158399879165712,0.32412630942977433
Hsa-Mir-8-P1a_3p,0.05398702182349658,93.87755102040816,7.4549051168848095,0.16206315471488716
Hsa-Mir-5586_5p,NA,33.33333333333333,0.16206315471488716,0.32412630942977433
Hsa-Mir-146-P1_3p*,0.20542546355214533,54.54545454545454,0.9723789282893229,0.16206315471488716
Hsa-Mir-2355_5p,0.1998470923845659,85.52631578947367,10.534105056467666,0.48618946414466147
Hsa-Mir-582_5p*,0.08631294686044613,90.0,4.3757051773019535,0.16206315471488716
Hsa-Mir-1179_5p,0.3336175068585878,40.0,0.32412630942977433,0.16206315471488716
Hsa-Mir-770_5p,0.19342640361727081,24.999999999999996,0.32412630942977433,0.16206315471488716
Hsa-Mir-5581_3p,0.3467334479787441,71.42857142857143,0.8103157735744358,0.16206315471488716
Hsa-Mir-629_5p,0.08856348855468497,94.03973509933773,23.012967969513976,0.32412630942977433
Hsa-Mir-221-P2_5p*,0.4821928094887362,50.0,0.8103157735744358,0.32412630942977433
Hsa-Mir-136-v1_5p*,0.19518385131950003,79.41176470588235,4.3757051773019535,0.32412630942977433
Hsa-Mir-101-P1-v1_5p*,0.36194670997847267,91.17647058823529,5.023957796161502,0.32412630942977433
Hsa-Mir-190-P2_5p,0.5399897216086847,70.00000000000001,3.4033262490126304,0.6482526188595487
Hsa-Mir-92-P1a_5p*,0.28847202428104923,71.42857142857143,2.4309473207233077,0.32412630942977433
Hsa-Mir-154-P24_3p,NA,49.99999999999999,0.32412630942977433,0.32412630942977433
Hsa-Mir-9-P2_3p*,NA,77.77777777777777,1.1344420830042101,0.32412630942977433
Hsa-Mir-556_3p,0.5153195311147831,37.49999999999999,0.48618946414466147,0.32412630942977433
Hsa-Mir-210_5p*,0.1953567907145189,58.333333333333336,1.1344420830042101,0.16206315471488716
Hsa-Mir-147-v1_3p,1.0575424759098897,40.0,0.32412630942977433,0.32412630942977433
Hsa-Mir-103-P1_5p*,0.0,24.999999999999996,0.16206315471488716,0.16206315471488716
Hsa-Mir-430-P50_5p,NA,66.66666666666666,0.32412630942977433,0.16206315471488716
Hsa-Mir-2116_5p*,NA,49.99999999999999,0.16206315471488716,0.16206315471488716
Hsa-Mir-505-v1_5p,0.6384982720018959,53.333333333333336,1.2965052377190973,0.8103157735744358
Hsa-Mir-505-v2_3p*,0.1065943545414793,92.3076923076923,3.8895157131572917,0.16206315471488716
Hsa-Mir-29-P1a_5p*,NA,83.33333333333333,0.8103157735744358,0.16206315471488716
Hsa-Mir-376-P1_5p*,0.3154648767857287,50.0,0.48618946414466147,0.16206315471488716
Hsa-Mir-154-P6_3p,NA,50.0,0.48618946414466147,0.48618946414466147
Hsa-Mir-95-P1_3p,0.44217935649972373,60.0,0.48618946414466147,0.16206315471488716
Hsa-Mir-7-P1_5p,1.0575424759098897,40.0,0.32412630942977433,0.32412630942977433
Hsa-Mir-135-P1_5p,NA,49.99999999999999,0.32412630942977433,0.32412630942977433
Hsa-Mir-452-v1_3p*,1.0283208335737188,16.666666666666664,0.16206315471488716,0.48618946414466147
Hsa-Mir-224_5p,0.10959933158562644,95.87628865979383,15.071873388484507,0.32412630942977433
Hsa-Mir-3179-P4_5p*,NA,33.33333333333333,0.16206315471488716,0.32412630942977433
Hsa-Mir-1910_5p*,0.44217935649972373,19.999999999999996,0.16206315471488716,0.48618946414466147
Hsa-Mir-30-P2c_3p*,0.5,24.999999999999996,0.16206315471488716,0.32412630942977433
Hsa-Mir-628_5p,NA,94.28571428571429,10.696168211182552,0.6482526188595487
Hsa-Mir-15-P1a_3p*,0.9365381063491679,44.444444444444436,0.6482526188595487,0.32412630942977433
Hsa-Mir-199-P1-v2_5p*,NA,99.31662870159454,70.6595354556908,0.48618946414466147
Hsa-Mir-450-P2_5p,0.06703745513466478,95.23809523809524,6.482526188595487,0.16206315471488716
Hsa-Mir-34-P2b_5p,NA,92.85714285714286,2.1068210112935333,0.16206315471488716
Hsa-Mir-9-P3_3p*,0.0,24.999999999999996,0.16206315471488716,0.16206315471488716
Hsa-Mir-139_3p,NA,79.99999999999999,0.6482526188595487,0.16206315471488716
Hsa-Mir-551-P1_3p,0.4620762702168837,54.54545454545454,0.9723789282893229,0.32412630942977433
Hsa-Mir-154-P3a-v2_5p*,0.0,24.999999999999996,0.16206315471488716,0.16206315471488716
Hsa-Let-7-P3_3p*,NA,33.33333333333333,0.16206315471488716,0.32412630942977433
Hsa-Mir-362-P1_5p,0.20747894891172058,63.63636363636363,1.1344420830042101,0.16206315471488716
Hsa-Mir-579_3p*,NA,49.99999999999999,0.16206315471488716,0.16206315471488716
Hsa-Mir-34-P2a_3p*,NA,74.99999999999999,0.48618946414466147,0.16206315471488716
Hsa-Mir-190-P1_5p,NA,97.36842105263159,5.996336724450825,0.16206315471488716
Hsa-Mir-550-P1_3p,NA,99.21259842519686,20.41995749407578,0.16206315471488716
Hsa-Mir-1278_3p,NA,87.5,1.1344420830042101,0.16206315471488716
Hsa-Mir-147-v2_3p,NA,66.66666666666666,0.32412630942977433,0.16206315471488716
Hsa-Mir-154-P22_3p,NA,92.85714285714286,2.1068210112935333,0.16206315471488716
Hsa-Mir-103-P2_5p*,NA,66.66666666666666,0.32412630942977433,0.16206315471488716
Hsa-Mir-154-P7_3p*,NA,87.5,1.1344420830042101,0.16206315471488716
Hsa-Mir-8-P3a_3p,NA,98.6842105263158,12.154736603616538,0.16206315471488716
Hsa-Mir-129-P2_3p*,NA,49.99999999999999,0.16206315471488716,0.16206315471488716
Hsa-Mir-653_5p,NA,85.71428571428571,0.9723789282893229,0.16206315471488716
